CODI_IND,Assignatura,GRUP,codi assignatura,Curs,Titulació,Sexe Docent,Campus,Horari,TIPOLOGIA,Matrícules-Assignatura,MH,EX,NOT,AP,SUS,NP,Taxa de rendiment,Taxa d'èxit,Taxa_exc,S11,S12,S13,S14,S15,PS1,SS1,S21,S22,S23,S24,S25,PS2,SS2,S31,S32,S33,S34,S35,PS3,SS3,S41,S42,S43,S44,S45,PS4,SS4,Num_sessions,PAS1,PAS2,PAS3,PAS4,PASTOT,PAB1,PAB2,PAB3,PAB4,PABTOT
1063972,Anàlisi i Avaluació dels Estats Comptables,2,106397,3,ADE,F,Bellaterra,mati,1,55,1,0,9,30,13,0,0.727,0.727,0.182,,,,30,,30,1,,30,,30,,30,2,,,,31,,31,1,,,,27,,27,1,5,0.545,0.545,0.564,0.491,0.536,0.455,0.455,0.436,0.509,0.464
1063974,Anàlisi i Avaluació dels Estats Comptables,4,106397,3,ADE anglés,F,Bellaterra,mati,1,114,2,3,34,60,9,1,0.868,0.876,0.342,,,,71,,71,1,,,,,,,0,,51,,40,,45.5,2,,,,28,,28,1,4,0.623,,0.399,0.246,0.423,0.377,,0.601,0.754,0.577
10639752,Anàlisi i Avaluació dels Estats Comptables,52,106397,3,ADE,F,Bellaterra,tarda,1,55,0,0,14,33,3,4,0.855,0.922,0.255,,,,26,,26,1,,28,,21,,24.5,2,,,,,,,0,,,,,,,0,3,0.473,0.445,,,0.459,0.527,0.555,,,0.541
10639760,Anàlisi i Avaluació dels Estats Comptables,60,106397,3,ADE+Dret,F,Bellaterra,mati,1,72,3,0,26,38,4,1,0.931,0.944,0.403,41,,,,,41,1,30,,,,,30,1,25,,42,,,33.5,2,15,,,,,15,1,5,0.569,0.417,0.465,0.208,0.415,0.431,0.583,0.535,0.792,0.585
10219620,Comptabilitat bàsica,20,102196,1,EIT,M,Sabadell,mati,1,96,2,0,24,52,14,4,0.813,0.848,0.271,,69,,,,69,1,,71,,,65,68,2,,46,,,72,59,2,,56,,,65,60.5,2,7,0.719,0.708,0.615,0.63,0.668,0.281,0.292,0.385,0.37,0.332
10212810,Comptabilitat financera I,10,102128,1,CIF,M,Sabadell,mati,1,110,0,0,17,47,36,10,0.582,0.64,0.155,,80,,,,80,1,,,,,,,0,,65,,,,65,1,,,,,,,0,2,0.727,,0.591,,0.659,0.273,,0.409,,0.341
10212850,Comptabilitat financera I,50,102128,1,CIF,M,Sabadell,tarda,1,81,1,1,12,27,30,10,0.506,0.577,0.173,,55,,,,55,1,,,,,,,0,,41,,,,41,1,,32,,,,32,1,3,0.679,,0.506,0.395,0.527,0.321,,0.494,0.605,0.473
1023712,Comptabilitat financera,2,102371,3,ADE,F,Bellaterra,mati,1,87,3,13,42,22,3,3,0.92,0.952,0.667,,,,,69,69,1,,,,,39,39,1,74,,,,,74,1,,,,,,,0,3,0.793,0.448,0.851,,0.697,0.207,0.552,0.149,,0.303
1023714,Comptabilitat financera,4,102371,2,ADE anglés,F,Bellaterra,mati,1,65,1,0,22,34,4,4,0.877,0.934,0.354,,,,,39,39,1,,,,,44,44,1,41,,,,29,35,2,,,,,15,15,1,5,0.6,0.677,0.538,0.231,0.512,0.4,0.323,0.462,0.769,0.488
10237152,Comptabilitat Financera,52,102371,3,ADE,F,Bellaterra,tarda,1,67,1,0,23,29,9,5,0.791,0.855,0.358,,,,,,,0,,,,,,,0,32,,,,,32,1,31,,,,30,30.5,2,3,,,0.478,0.455,0.466,,,0.522,0.545,0.534
10237160,Comptabilitat financera,60,102371,2,ADE+Dret,M,Bellaterra,mati,1,66,1,4,16,33,9,3,0.818,0.857,0.318,40,,,,,40,1,26,,,,,26,1,13,,,,,13,1,38,,,,,38,1,4,0.606,0.394,0.197,0.576,0.443,0.394,0.606,0.803,0.424,0.557
10576910,Control de gestió,10,105769,3,CIF,F,Sabadell,mati,0,70,1,2,5,32,25,1,0.571,0.58,0.114,,,,,61,61,1,,,,,,,0,,,,,,,0,,,,,,,0,1,0.871,,,,0.871,0.129,,,,0.129
10576950,Control de gestió,50,105769,3,CIF,M,Sabadell,tarda,0,48,0,0,14,18,14,0,0.667,0.667,0.292,,,,,34,34,1,,,,,,,0,,,19,,16,17.5,2,,,,,,,0,3,0.708,,0.365,,0.536,0.292,,0.635,,0.464
10467860,Direcció de màrqueting,60,104678,3,ADE+Dret,M,Bellaterra,mati,0,84,5,6,67,4,0,2,0.976,1,0.929,54,,,,,54,1,38,,,,,38,1,18,,,,,18,1,54,,,,,54,1,4,0.643,0.452,0.214,0.643,0.488,0.357,0.548,0.786,0.357,0.512
10212910,Direcció de recursos humans,10,102129,2,CIF,M,Sabadell,mati,0,67,2,1,22,37,1,4,0.925,0.984,0.373,,,,,46,46,1,,,,,,,0,,,45,,,45,1,,,,,,,0,2,0.687,,0.672,,0.679,0.313,,0.328,,0.321
10212950,Direcció de recursos humans,50,102129,2,CIF,M,Sabadell,tarda,0,36,0,5,10,15,3,3,0.833,0.909,0.417,,,,,20,20,1,,,,,,,0,,,19,,,19,1,,,,,,,0,2,0.556,,0.528,,0.542,0.444,,0.472,,0.458
10209410,Direcció d'operacions,10,102094,3,CIF,M,Sabadell,mati,1,72,0,1,17,48,6,0,0.917,0.917,0.25,40,,,,,40,1,,,,,,,0,,,,,,,0,,,,,,,0,1,0.556,,,,0.556,0.444,,,,0.444
1046772,Direcció d'operacions,2,104677,3,ADE,M,Bellaterra,mati,1,49,0,2,11,29,3,3,0.857,0.913,0.265,,,28,,,28,1,,,21,,,21,1,,,23,,,23,1,,,,,,,0,3,0.571,0.429,0.469,,0.49,0.429,0.571,0.531,,0.51
1046774,Direcció d'operacions,4,104677,3,ADE anglés,M,Bellaterra,mati,1,95,0,1,10,56,21,0,0.705,0.705,0.116,,,39,,,39,1,,,36,,,36,1,,,32,,,32,1,,,32,,,32,1,4,0.411,0.379,0.337,0.337,0.366,0.589,0.621,0.663,0.663,0.634
10209450,Direcció d'operacions,50,102094,3,CIF,M,Sabadell,tarda,1,41,2,0,9,19,4,6,0.732,0.857,0.268,26,,,,,26,1,,,,,,,0,,,,,,,0,,,,,,,0,1,0.634,,,,0.634,0.366,,,,0.366
10467752,Direcció d'operacions,52,104677,3,ADE,M,Bellaterra,tarda,1,57,0,0,2,35,14,2,0.649,0.673,0.035,,,34,,,34,1,,,27,,,27,1,,,26,,,26,1,,,22,,,22,1,4,0.596,0.474,0.456,0.386,0.478,0.404,0.526,0.544,0.614,0.522
10467760,Direcció d'operacions,60,104677,3,ADE+Dret,M,Bellaterra,mati,1,76,1,0,26,44,5,0,0.934,0.934,0.355,,62,,,,62,1,,48,,,,48,1,,26,,,,26,1,,36,,,,36,1,4,0.816,0.632,0.342,0.474,0.566,0.184,0.368,0.658,0.526,0.434
1023622,Direcció Estratègica II,2,102362,3,ADE,M,Bellaterra,mati,0,38,0,0,12,21,3,2,0.868,0.917,0.316,,,,,24,24,1,23,,,,15,19,2,,,,,23,23,1,32,,,,32,32,2,6,0.632,0.5,0.605,0.842,0.645,0.368,0.5,0.395,0.158,0.355
1023624,Direcció estratègica II,4,102362,3,ADE anglés,M,Bellaterra,mati,0,92,0,1,8,53,25,3,0.674,0.697,0.098,,,,,64,64,1,45,,,,63,54,2,60,,,,,60,1,47,,,,67,57,2,6,0.696,0.587,0.652,0.62,0.639,0.304,0.413,0.348,0.38,0.361
10236252,Direcció Estratègica II,52,102362,3,ADE,M,Bellaterra,tarda,0,49,0,0,9,36,1,2,0.918,0.957,0.184,,,,,38,38,1,,,,,,,0,,,,,,,0,,,,,,,0,1,0.776,,,,0.776,0.224,,,,0.224
10236260,Direcció estratègica II,60,102362,3,ADE+Dret,M,Bellaterra,mati,0,75,3,5,51,16,0,0,1,1,0.787,,,,,55,55,1,,,,,42,42,1,,,,,,,0,,,,,,,0,2,0.733,0.56,,,0.647,0.267,0.44,,,0.353
10214010,Dret Mercantil,10,102140,2,CIF,M,Sabadell,mati,0,62,0,3,53,6,0,0,1,1,0.903,37,,,,,37,1,,,,,,,0,,,,,,,0,,,,,,,0,1,0.597,,,,0.597,0.403,,,,0.403
10214050,Dret Mercantil,50,102140,2,CIF,M,Sabadell,tarda,0,36,0,0,11,21,1,3,0.889,0.97,0.306,25,,,,,25,1,,,,,,,0,,,,,,,0,,,,,,,0,1,0.694,,,,0.694,0.306,,,,0.306
1023081,Econometria I,1,102308,2,ECO,M,Bellaterra,mati,1,84,1,0,17,43,19,4,0.726,0.763,0.214,,35,,,,35,1,,41,,76,,58.5,2,,22,,21,,21.5,2,,21,,15,,18,2,7,0.417,0.696,0.256,0.214,0.396,0.583,0.304,0.744,0.786,0.604
1023082,Econometria I,2,102308,2,ADE,F,Bellaterra,mati,1,86,1,1,38,39,4,3,0.919,0.952,0.465,,,66,,,66,1,,,82,,,82,1,,,55,,,55,1,,,,,,,0,3,0.767,0.953,0.64,,0.787,0.233,0.047,0.36,,0.213
1023084,Econometria I,4,102308,2,ADE anglés,F,Bellaterra,mati,1,70,0,0,4,44,21,0,0.686,0.686,0.057,,,34,,,34,1,,,27,,,27,1,,,12,,,12,1,,,,,,,0,3,0.486,0.386,0.171,,0.348,0.514,0.614,0.829,,0.652
10230851,Econometria I,51,102308,2,ECO,F,Bellaterra,tarda,1,60,0,0,4,28,21,6,0.533,0.593,0.067,,34,,,,34,1,,,,,,,0,,,,,,,0,,,,,,,0,1,0.567,,,,0.567,0.433,,,,0.433
10230852,Econometria I,52,102308,2,ADE,F,Bellaterra,tarda,1,88,0,0,4,68,9,7,0.818,0.889,0.045,,,33,,,33,1,,,,,,,0,,,,,,,0,,,,,,,0,1,0.375,,,,0.375,0.625,,,,0.625
1023088,Econometria I,8,102308,2,ECO anglés,M,Bellaterra,mati,1,43,2,2,7,20,9,3,0.721,0.775,0.256,,28,,,,28,1,,30,,,,30,1,,18,,,,18,1,,24,,,,24,1,4,0.651,0.698,0.419,0.558,0.581,0.349,0.302,0.581,0.442,0.419
10234360,Economia de l'empresa I,60,102343,1,ADE+Dret,M,Bellaterra,mati,0,76,3,2,42,27,1,1,0.974,0.987,0.618,,65,,,,65,1,,72,,,,72,1,,64,,,68,66,2,,,,,,,0,4,0.855,0.947,0.868,,0.89,0.145,0.053,0.132,,0.11
1024541,Economia del sector públic,1,102454,2,ECO,M,Bellaterra,mati,0,84,0,0,17,52,9,5,0.821,0.873,0.202,,,,,,,0,,52,,,,52,1,,32,,53,,42.5,2,,53,,50,,51.5,2,5,,0.619,0.506,0.613,0.579,,0.381,0.494,0.387,0.421
10245451,Economia del sector públic,51,102454,2,ECO,F,Bellaterra,tarda,0,43,1,0,6,23,10,3,0.698,0.75,0.163,,,,26,,26,1,,12,,,,12,1,,20,,24,,22,2,,26,,26,,26,2,6,0.605,0.279,0.512,0.605,0.5,0.395,0.721,0.488,0.395,0.5
1024548,Economia del sector públic,8,102454,2,ECO anglés,F,Bellaterra,mati,0,56,3,0,8,12,20,13,0.411,0.535,0.196,,,,21,,21,1,,,,23,,23,1,,,,18,,18,1,,,,20,,20,1,4,0.375,0.411,0.321,0.357,0.366,0.625,0.589,0.679,0.643,0.634
1023871,Economia Internacional,1,102387,1,ECO,M,Bellaterra,mati,0,89,5,3,22,44,8,7,0.831,0.902,0.337,,66,,,,66,1,,63,,,,63,1,,37,,,,37,1,,57,,50,,53.5,2,5,0.742,0.708,0.416,0.601,0.617,0.258,0.292,0.584,0.399,0.383
10214310,Economia internacional,10,102143,1,CIF,F,Sabadell,mati,0,113,0,2,16,56,38,1,0.655,0.661,0.159,,,70,,,70,1,,,,,,,0,,,,,,,0,,,,,,,0,1,0.619,,,,0.619,0.381,,,,0.381
1023872,Economia Internacional,2,102387,1,ADE,M,Bellaterra,mati,0,96,2,2,24,58,4,6,0.896,0.956,0.292,,,68,,,68,1,,,52,,,52,1,,,48,,,48,1,,,,,32,32,1,4,0.708,0.542,0.5,0.333,0.521,0.292,0.458,0.5,0.667,0.479
10214320,Economia internacional,20,102143,1,EIT,M,Sabadell,mati,0,84,1,0,11,42,26,4,0.643,0.675,0.143,,,57,,,57,1,,,31,,,31,1,38,,,,,38,1,,,18,,,18,1,4,0.679,0.369,0.452,0.214,0.429,0.321,0.631,0.548,0.786,0.571
1023874,Economia Internacional,4,102387,1,ADE anglés,M,Bellaterra,mati,0,80,0,1,25,36,13,5,0.775,0.827,0.325,,,39,,,39,1,,,30,,,30,1,,,43,,,43,1,,,24,,,24,1,4,0.488,0.375,0.538,0.3,0.425,0.513,0.625,0.463,0.7,0.575
10214350,Economia internacional,50,102143,1,CIF,M,Sabadell,tarda,0,66,0,0,8,51,4,3,0.894,0.937,0.121,,,60,,,60,1,25,,,,,25,1,25,,20,,,22.5,2,,,20,,,20,1,5,0.909,0.379,0.341,0.303,0.483,0.091,0.621,0.659,0.697,0.517
10238751,Economia Internacional,51,102387,1,ECO,M,Bellaterra,tarda,0,65,1,0,13,31,17,3,0.692,0.726,0.215,,50,,,,50,1,,36,,,,36,1,,20,,30,,25,2,,25,,,,25,1,5,0.769,0.554,0.385,0.385,0.523,0.231,0.446,0.615,0.615,0.477
10238752,Economia Internacional,52,102387,1,ADE,F,Bellaterra,tarda,0,83,0,1,15,52,12,3,0.819,0.85,0.193,,,,,,,0,,,45,,,45,1,,,31,,,31,1,,,,,,,0,2,,0.542,0.373,,0.458,,0.458,0.627,,0.542
1023878,Economia internacional,8,102387,1,ECO anglés,F,Bellaterra,mati,0,63,3,4,24,21,10,1,0.825,0.839,0.492,,44,,,,44,1,,24,,,,24,1,,32,,,,32,1,,28,,,,28,1,4,0.698,0.381,0.508,0.444,0.508,0.302,0.619,0.492,0.556,0.492
1023021,Economia sectorial,1,102302,2,ECO,F,Bellaterra,mati,0,81,0,0,5,54,18,4,0.728,0.766,0.062,,,52,,,52,1,,,,,40,40,1,,,,,,,0,,,,,,,0,2,0.642,0.494,,,0.568,0.358,0.506,,,0.432
1023028,Economia sectorial,8,102302,2,ECO anglés,M,Bellaterra,mati,0,42,2,1,7,20,9,3,0.714,0.769,0.238,,,28,,,28,1,,,25,,,25,1,,,20,,,20,1,,,12,,,12,1,4,0.667,0.595,0.476,0.286,0.506,0.333,0.405,0.524,0.714,0.494
1023861,Estadística I,1,102386,1,ECO,F,Bellaterra,mati,1,86,1,1,19,44,15,6,0.756,0.813,0.244,,,,,70,70,1,,,,,,,0,,,,,43,43,1,56,,,,38,47,2,4,0.814,,0.5,0.547,0.62,0.186,,0.5,0.453,0.38
10211510,Estadística I,10,102115,1,CIF,M,Sabadell,mati,1,99,7,0,21,48,14,9,0.768,0.844,0.283,,,,,60,60,1,,,83,,45,64,2,,,50,,37,43.5,2,,,32,,25,28.5,2,7,0.606,0.646,0.439,0.288,0.495,0.394,0.354,0.561,0.712,0.505
1023862,Estadística I,2,102386,1,ADE,M,Bellaterra,mati,1,91,4,1,37,39,5,5,0.89,0.942,0.462,,,,56,,56,1,,,,56,,56,1,,,,56,,56,1,,,,56,,56,1,4,0.615,0.615,0.615,0.615,0.615,0.385,0.385,0.385,0.385,0.385
10211520,Estadística I,20,102115,1,EIT,M,Sabadell,mati,1,88,3,7,31,35,12,0,0.864,0.864,0.466,,,,,49,49,1,,,,,,,0,,,,,,,0,,,,,,,0,1,0.557,,,,0.557,0.443,,,,0.443
1023864,Estadística I,4,102386,1,ADE anglés,F,Bellaterra,mati,1,74,4,6,33,20,8,3,0.851,0.887,0.581,,,,41,,41,1,,,,35,,35,1,,,,33,,33,1,,,,34,,34,1,4,0.554,0.473,0.446,0.459,0.483,0.446,0.527,0.554,0.541,0.517
10211550,Estadística I,50,102115,1,CIF,M,Sabadell,tarda,1,69,1,0,15,32,13,8,0.696,0.787,0.232,,,,,48,48,1,,,57,,,57,1,,,35,,,35,1,,,,,40,40,1,4,0.696,0.826,0.507,0.58,0.652,0.304,0.174,0.493,0.42,0.348
10238651,Estadística I,51,102386,1,ECO,M,Bellaterra,tarda,1,75,0,0,17,39,16,2,0.747,0.767,0.227,,,,,33,33,1,,,,,,,0,,,,,,,0,15,,,,,15,1,2,0.44,,,0.2,0.32,0.56,,,0.8,0.68
10238652,Estadística I,52,102386,1,ADE,F,Bellaterra,tarda,1,81,0,0,8,37,26,10,0.556,0.634,0.099,,,,56,,56,1,,59,,29,,44,2,,19,,31,,25,2,,12,,14,,13,2,7,0.691,0.543,0.309,0.16,0.426,0.309,0.457,0.691,0.84,0.574
10238660,Estadística I,60,102386,2,ADE+Dret,M,Bellaterra,mati,1,79,5,7,45,17,2,3,0.937,0.974,0.722,,52,,,,52,1,,43,,,,43,1,,14,,,,14,1,,37,,,,37,1,4,0.658,0.544,0.177,0.468,0.462,0.342,0.456,0.823,0.532,0.538
1023868,Estadística I,8,102386,1,ECO anglés,F,Bellaterra,mati,1,52,3,4,22,13,7,3,0.808,0.857,0.558,35,,,,,35,1,26,,,,,26,1,29,,,,,29,1,18,,,,,18,1,4,0.673,0.5,0.558,0.346,0.519,0.327,0.5,0.442,0.654,0.481
10576810,Finances corporatives,10,105768,3,CIF,M,Sabadell,mati,1,69,3,23,40,2,0,1,0.986,1,0.957,,,31,,,31,1,,,,,,,0,,,,,,,0,,,,,,,0,1,0.449,,,,0.449,0.551,,,,0.551
10576850,Finances corporatives,50,105768,3,CIF,M,Sabadell,tarda,1,42,2,1,16,19,0,4,0.905,1,0.452,,,30,,,30,1,,,20,,,20,1,24,,27,,,25.5,2,,,,,,,0,4,0.714,0.476,0.607,,0.599,0.286,0.524,0.393,,0.401
10211210,Finances I,10,102112,2,CIF,M,Bellaterra,mati,1,64,3,2,42,15,2,0,0.969,0.969,0.734,54,,54,,,54,2,,,57,,,57,1,54,,52,,,53,2,,,52,,,52,1,6,0.844,0.891,0.828,0.813,0.844,0.156,0.109,0.172,0.188,0.156
10211250,Finances I,50,102112,2,CIF,M,Bellaterra,tarda,1,38,1,0,17,14,6,0,0.842,0.842,0.474,18,,26,,,22,2,25,,29,,,27,2,23,,26,,,24.5,2,,,27,,,27,1,7,0.579,0.711,0.645,0.711,0.661,0.421,0.289,0.355,0.289,0.339
1023282,Finances II,2,102328,3,ADE,M,Bellaterra,mati,1,57,5,1,9,19,14,7,0.596,0.68,0.263,,38,,,,38,1,,37,,,,37,1,,50,,,,50,1,,,,,,,0,3,0.667,0.649,0.877,,0.731,0.333,0.351,0.123,,0.269
1023284,Finances II,4,102328,3,ADE anglés,F,Bellaterra,mati,1,76,1,10,33,27,1,4,0.934,0.986,0.579,,42,,,,42,1,,44,,48,,46,2,,30,,45,,37.5,2,,43,,39,,41,2,7,0.553,0.605,0.493,0.539,0.548,0.447,0.395,0.507,0.461,0.452
10232852,Finances II,52,102328,3,ADE,F,Bellaterra,tarda,1,66,0,0,7,40,12,4,0.712,0.758,0.106,,19,,,,19,1,,,,,,,0,,16,,15,,15.5,2,,20,,22,,21,2,5,0.288,,0.235,0.318,0.28,0.712,,0.765,0.682,0.72
10232860,Finances II,60,102328,3,ADE+Dret,F,Bellaterra,mati,1,81,3,4,49,23,2,0,0.975,0.975,0.691,,,,,,,0,,,,,24,24,1,34,,,,29,31.5,2,,,,,33,33,1,4,,0.296,0.389,0.407,0.364,,0.704,0.611,0.593,0.636
1046511,Finances públiques,1,104651,3,ECO,F,Bellaterra,mati,1,52,2,3,24,21,1,1,0.962,0.98,0.558,35,,,,,35,1,31,,32,,,31.5,2,26,,29,,,27.5,2,23,,,,,23,1,6,0.673,0.606,0.529,0.442,0.563,0.327,0.394,0.471,0.558,0.438
10465151,Finances públiques,51,104651,3,ECO,M,Bellaterra,tarda,1,33,2,2,21,8,0,0,1,1,0.758,29,,,,,29,1,28,,,,,28,1,,,,,,,0,,,,,,,0,2,0.879,0.848,,,0.864,0.121,0.152,,,0.136
1046518,Finances públiques,8,104651,3,ECO anglés,M,Bellaterra,mati,1,57,2,3,11,19,19,3,0.614,0.648,0.281,36,,,,,36,1,35,,,,,35,1,34,,,,,34,1,24,,,,,24,1,4,0.632,0.614,0.596,0.421,0.566,0.368,0.386,0.404,0.579,0.434
10218020,Finances,20,102180,2,EIT,M,Sabadell,mati,1,92,2,8,31,37,6,7,0.848,0.918,0.446,,,,,54,54,1,,,,,,,0,,,55,,35,45,2,,,,,,,0,3,0.587,,0.489,,0.538,0.413,,0.511,,0.462
1046752,Fonaments de màrqueting,2,104675,3,ADE,M,Bellaterra,mati,0,107,0,5,44,44,5,9,0.869,0.949,0.458,,,,,81,81,1,,,,,78,78,1,,,,,48,48,1,,,,,63,63,1,4,0.757,0.729,0.449,0.589,0.631,0.243,0.271,0.551,0.411,0.369
1046754,Fonaments de màrqueting,4,104675,1,ADE anglés,M,Bellaterra,mati,0,94,0,1,64,23,5,1,0.936,0.946,0.691,,,,,82,82,1,,,,,,,0,,,,,28,28,1,,,,,33,33,1,3,0.872,,0.298,0.351,0.507,0.128,,0.702,0.649,0.493
10467552,Fonaments de màrqueting,52,104675,1,ADE,M,Bellaterra,tarda,0,78,0,1,11,53,5,8,0.833,0.929,0.154,,,,,65,65,1,25,,,,58,41.5,2,23,,,,32,27.5,2,15,,,,65,40,2,7,0.833,0.532,0.353,0.513,0.558,0.167,0.468,0.647,0.487,0.442
10467560,Fonaments de màrqueting,60,104675,3,ADE+Dret,F,Bellaterra,mati,0,66,0,1,20,34,9,1,0.833,0.846,0.318,,,,,,,0,,58,,,,58,1,,,,61,,61,1,,,,,,,0,2,,0.879,0.924,,0.902,,0.121,0.076,,0.098
10215420,Fonaments de programació,20,102154,1,EIT,M,Sabadell,mati,1,98,3,0,23,50,14,6,0.776,0.826,0.265,,,,70,,70,1,,,,33,,33,1,,,,32,,32,1,,,,,,,0,3,0.714,0.337,0.327,,0.459,0.286,0.663,0.673,,0.541
10217920,Gestió de recursos Humans,20,102179,3,EIT,M,Sabadell,mati,0,58,0,3,47,7,1,0,0.983,0.983,0.862,,,,,37,37,1,,,,,,,0,,,,,,,0,,,,,,,0,1,0.638,,,,0.638,0.362,,,,0.362
10460920,Gestió per processos,20,104609,2,EIT,M,Sabadell,mati,0,83,0,0,24,54,1,4,0.94,0.987,0.289,60,,,,,60,1,,,,,,,0,,,,,,,0,,,,,,,0,1,0.723,,,,0.723,0.277,,,,0.277
10209510,Història de l'empresa,10,102095,3,CIF,F,Sabadell,mati,0,39,0,1,8,26,4,0,0.897,0.897,0.231,,,,18,,18,1,,,,,,,0,,,,,,,0,,,,,,,0,1,0.462,,,,0.462,0.538,,,,0.538
1023151,Història econòmica contemporània,1,102315,3,ECO,M,Bellaterra,mati,0,71,2,0,13,51,5,0,0.93,0.93,0.211,,,,,35,35,1,,,,,29,29,1,,,,,33,33,1,,,,,,,0,3,0.493,0.408,0.465,,0.455,0.507,0.592,0.535,,0.545
10231551,Història econòmica contemporània,51,102315,3,ECO,M,Bellaterra,tarda,0,37,0,0,4,29,3,1,0.892,0.917,0.108,,,,,23,23,1,,,,,,,0,23,,,,20,21.5,2,,,,,22,22,1,4,0.622,,0.581,0.595,0.599,0.378,,0.419,0.405,0.401
1023158,Història econòmica contemporània,8,102315,3,ECO anglés,F,Bellaterra,mati,0,46,0,0,5,21,14,4,0.565,0.619,0.109,,,,,23,23,1,,,,,17,17,1,,,,,17,17,1,19,,,,,19,1,4,0.5,0.37,0.37,0.413,0.413,0.5,0.63,0.63,0.587,0.587
1023141,Història econòmica d'Espanya,1,102314,1,ECO,F,Bellaterra,mati,0,97,1,2,10,34,43,6,0.485,0.516,0.134,,,,,,,0,52,,,,,52,1,43,,,,,43,1,43,,,,,43,1,3,,0.536,0.443,0.443,0.474,,0.464,0.557,0.557,0.526
1023148,Història econòmica d'Espanya,8,102314,1,ECO anglés,M,Bellaterra,mati,0,54,2,0,5,24,20,3,0.574,0.608,0.13,,,,,47,47,1,,,,,35,35,1,,,,,,,0,,,,,16,16,1,3,,0.648,,0.296,0.472,,0.352,,0.704,0.528
10233060,Història econòmica Mundial,60,102330,1,ADE+Dret,F,Bellaterra,mati,0,76,2,1,10,46,15,2,0.776,0.797,0.171,50,,,,,50,1,,,,,,,0,,,,,,,0,,,,,,,0,1,0.658,,,,0.658,0.342,,,,0.342
10578410,Història econòmica,10,105784,1,CIF,F,Sabadell,mati,0,101,0,0,12,62,20,7,0.733,0.787,0.119,66,,,,,66,1,,,,,,,0,66,,,,,66,1,,,,50,,50,1,3,0.653,,0.653,0.495,0.601,0.347,,0.347,0.505,0.399
10214120,Història econòmica,20,102141,2,EIT,M,Sabadell,mati,0,81,0,0,20,55,3,3,0.926,0.962,0.247,,,75,,,75,1,,,74,,,74,1,,,75,,,75,1,,,80,,,80,1,4,0.926,0.914,0.926,0.988,0.938,0.074,0.086,0.074,0.012,0.062
10578450,Història Econòmica,50,105784,1,CIF,F,Sabadell,tarda,0,70,1,0,4,32,23,10,0.529,0.617,0.071,53,,,,,53,1,53,,,,,53,1,41,,,,,41,1,,,,42,,42,1,4,0.757,0.757,0.586,0.6,0.675,0.243,0.243,0.414,0.4,0.325
1023661,Introducció a la comptabilitat,1,102366,1,ECO,F,Bellaterra,mati,1,88,3,0,19,43,13,10,0.739,0.833,0.25,,,,35,,35,1,,73,,55,,64,2,,,,66,,66,1,,58,,62,,60,2,6,0.398,0.727,0.75,0.682,0.639,0.602,0.273,0.25,0.318,0.361
1023662,Introducció a la comptabilitat,2,102366,1,ADE,F,Bellaterra,mati,1,120,1,1,30,57,28,3,0.742,0.761,0.267,,86,,,,86,1,,100,,,,100,1,,65,,,,65,1,,73,,,,73,1,4,0.717,0.833,0.542,0.608,0.675,0.283,0.167,0.458,0.392,0.325
1023664,Introducció a la comptabilitat,4,102366,1,ADE anglés,F,Bellaterra,mati,1,110,2,0,30,50,23,5,0.745,0.781,0.291,,54,,,,54,1,,48,,,,48,1,,28,,40,,34,2,,47,,,,47,1,5,0.491,0.436,0.309,0.427,0.416,0.509,0.564,0.691,0.573,0.584
10236651,Introducció a la comptabilitat,51,102366,1,ECO,M,Bellaterra,tarda,1,82,0,0,6,28,44,3,0.415,0.43,0.073,,,,45,,45,1,,,,29,,29,1,,,,14,,14,1,,13,,14,,13.5,2,5,0.549,0.354,0.171,0.165,0.309,0.451,0.646,0.829,0.835,0.691
10236652,Introducció a la comptabilitat,52,102366,1,ADE,M,Bellaterra,tarda,1,76,0,0,5,37,21,13,0.553,0.667,0.066,,46,,,,46,1,,60,,,,60,1,,41,,,,41,1,,41,,,,41,1,4,0.605,0.789,0.539,0.539,0.618,0.395,0.211,0.461,0.461,0.382
10236660,Introducció a la comptabilitat,60,102366,1,ADE+Dret,F,Bellaterra,mati,1,86,0,0,15,55,13,3,0.814,0.843,0.174,66,,,,,66,1,52,,,,,52,1,37,,,,,37,1,,,,,,,0,3,0.767,0.605,0.43,,0.601,0.233,0.395,0.57,,0.399
1023668,Introducció a la comptabilitat,8,102366,1,ECO anglés,F,Bellaterra,mati,1,90,1,0,12,53,21,2,0.733,0.75,0.144,,,,40,,40,1,,50,,72,,61,2,,,,80,,80,1,,,,39,,39,1,5,0.444,0.678,0.889,0.433,0.611,0.556,0.322,0.111,0.567,0.389
10216320,Introducció a la Gestió de la Innovació,20,102163,3,EIT,F,Sabadell,mati,0,59,2,2,46,8,1,0,0.983,0.983,0.847,58,,,,,58,1,,,,,,,0,,,,,,,0,,,,,,,0,1,0.983,,,,0.983,0.017,,,,0.017
10214820,Introducció als sistemes d'informació,20,102148,2,EIT,M,Sabadell,mati,0,81,4,3,42,27,0,5,0.938,1,0.605,,63,,,,63,1,,,,,,,0,,,,,,,0,,,,,,,0,1,0.778,,,,0.778,0.222,,,,0.222
1023552,Investigació Comercial I,2,102355,3,ADE,F,Bellaterra,mati,1,49,0,0,19,25,1,4,0.898,0.978,0.388,34,,,,,34,1,45,,,,,45,1,,,,,,,0,23,,,,,23,1,3,0.694,0.918,,0.469,0.694,0.306,0.082,,0.531,0.306
10235552,Investigació Comercial I,52,102355,3,ADE,F,Bellaterra,tarda,1,39,0,0,12,26,0,1,0.974,1,0.308,32,,,,,32,1,32,,,,,32,1,,,,,,,0,,,,,,,0,2,0.821,0.821,,,0.821,0.179,0.179,,,0.179
10235560,Investigació Comercial I,60,102355,3,ADE+Dret,F,Bellaterra,mati,1,69,2,1,41,24,1,0,0.986,0.986,0.638,,,,,,,0,37,,,,,37,1,20,,,,,20,1,18,,,,,18,1,3,,0.536,0.29,0.261,0.362,,0.464,0.71,0.739,0.638
10215020,Investigació operativa,20,102150,2,EIT,F,Sabadell,mati,1,93,0,0,23,57,9,4,0.86,0.899,0.247,,,,,,,0,,70,,,,70,1,,62,,59,,60.5,2,,,,,,,0,3,,0.753,0.651,,0.702,,0.247,0.349,,0.298
1023841,Macroeconomia I,1,102384,2,ECO,M,Bellaterra,mati,1,83,0,0,1,44,33,3,0.542,0.563,0.012,,,,,53,53,1,,,,,32,32,1,,,,,,,0,,,,,,,0,2,0.639,0.386,,,0.512,0.361,0.614,,,0.488
1023842,Macroeconomia I,2,102384,2,ADE,F,Bellaterra,mati,1,85,1,0,20,54,10,0,0.882,0.882,0.247,56,,,,,56,1,47,,,,,47,1,,,,,,,0,36,,,,,36,1,3,0.659,0.553,,0.424,0.545,0.341,0.447,,0.576,0.455
1023844,Macroeconomia I,4,102384,2,ADE anglés,M,Bellaterra,mati,1,76,0,0,5,55,14,2,0.789,0.811,0.066,36,,,,,36,1,29,,,,,29,1,16,,,,,16,1,16,,,,,16,1,4,0.474,0.382,0.211,0.211,0.319,0.526,0.618,0.789,0.789,0.681
10238452,Macroeconomia I,52,102384,2,ADE,F,Bellaterra,tarda,1,84,0,0,1,52,26,5,0.631,0.671,0.012,46,,,,,46,1,36,,,,,36,1,,,25,,,25,1,37,,,,,37,1,4,0.548,0.429,0.298,0.44,0.429,0.452,0.571,0.702,0.56,0.571
10238460,Macroeconomia I,60,102384,3,ADE+Dret,F,Bellaterra,mati,1,71,0,0,25,40,5,0,0.915,0.915,0.352,,,,,31,31,1,,,,,30,30,1,,,,,22,22,1,,,,,30,30,1,4,0.437,0.423,0.31,0.423,0.398,0.563,0.577,0.69,0.577,0.602
1023848,Macroeconomia I,8,102384,2,ECO anglés,M,Bellaterra,mati,1,44,0,0,1,24,19,0,0.568,0.568,0.023,,,,,23,23,1,,,,,17,17,1,,,,,,,0,,,,,9,9,1,3,0.523,0.386,,0.205,0.371,0.477,0.614,,0.795,0.629
1023838,Macroeconomia II,8,102383,2,ECO anglés,M,Bellaterra,mati,1,46,1,0,2,22,18,1,0.543,0.556,0.065,,29,,,,29,1,,,,34,,34,1,,5,,36,,20.5,2,,24,,,,24,1,5,0.63,0.739,0.446,0.522,0.584,0.37,0.261,0.554,0.478,0.416
1023821,Macroeconomia III,1,102382,3,ECO,M,Bellaterra,mati,1,63,0,0,8,30,20,4,0.603,0.644,0.127,,27,,,,27,1,,25,,,,25,1,,,,,,,0,,,,,,,0,2,0.429,0.397,,,0.413,0.571,0.603,,,0.587
10238251,Macroeconomia III,51,102382,3,ECO,M,Bellaterra,tarda,1,98,1,0,10,52,27,3,0.643,0.663,0.112,,49,,,,49,1,,,,,,,0,,,,,,,0,,,,,,,0,1,0.5,,,,0.5,0.5,,,,0.5
1023828,Macroeconomia III,8,102382,3,ECO anglés,M,Bellaterra,mati,1,41,1,0,5,19,12,2,0.61,0.641,0.146,,29,,,,29,1,,29,,27,,28,2,,22,,29,,25.5,2,,26,,24,,25,2,7,0.707,0.683,0.622,0.61,0.655,0.293,0.317,0.378,0.39,0.345
10211810,Macroeconomia,10,102118,2,CIF,F,Sabadell,mati,1,88,0,0,1,53,30,0,0.614,0.614,0.011,,50,,,,50,1,,43,,,44,43.5,2,,35,,,30,32.5,2,,45,,,25,35,2,7,0.568,0.494,0.369,0.398,0.457,0.432,0.506,0.631,0.602,0.543
10211850,Macroeconomia,50,102118,2,CIF,F,Sabadell,tarda,1,51,0,0,0,28,11,7,0.549,0.636,0,,28,,,,28,1,,,,,,,0,,,,,,,0,,,,,,,0,1,0.549,,,,0.549,0.451,,,,0.451
10668520,Màrqueting digital,20,106685,3,EIT,M,Sabadell,mati,0,51,1,1,19,27,0,3,0.941,1,0.412,,,,36,,36,1,,30,,33,,31.5,2,,,,36,,36,1,,,,23,,23,1,5,0.706,0.618,0.706,0.451,0.62,0.294,0.382,0.294,0.549,0.38
10213810,Màrqueting,10,102138,2,CIF,M,Sabadell,mati,0,62,0,3,28,30,0,1,0.984,1,0.5,,,,49,,49,1,,,,55,,55,1,,,,,,,0,,,,,,,0,2,0.79,0.887,,,0.839,0.21,0.113,,,0.161
10213850,Màrqueting,50,102138,2,CIF,M,Sabadell,tarda,0,36,0,0,5,24,3,4,0.806,0.906,0.139,,,,27,,27,1,,,,,,,0,,,,,,,0,,,,,,,0,1,0.75,,,,0.75,0.25,,,,0.25
1023441,Matemàtiques II,1,102344,1,ECO,M,Bellaterra,mati,1,86,2,4,24,33,17,6,0.733,0.788,0.349,,,58,,,58,1,,,62,,,62,1,,,55,,,55,1,,,,,,,0,3,0.674,0.721,0.64,,0.678,0.326,0.279,0.36,,0.322
10209610,Matemàtiques II,10,102096,1,CIF,M,Sabadell,mati,1,103,1,0,17,52,23,10,0.68,0.753,0.175,,,,42,,42,1,,36,,77,,56.5,2,,,,17,,17,1,,,,17,,17,1,5,0.408,0.549,0.165,0.165,0.322,0.592,0.451,0.835,0.835,0.678
1023442,Matemàtiques II,2,102344,1,ADE,F,Bellaterra,mati,1,90,2,4,30,40,9,5,0.844,0.894,0.4,64,,,,,64,1,52,,61,,,56.5,2,60,,,,,60,1,66,,,,,66,1,5,0.711,0.628,0.667,0.733,0.685,0.289,0.372,0.333,0.267,0.315
10209620,Matemàtiques II,20,102096,1,EIT,M,Sabadell,mati,1,86,6,7,16,39,10,8,0.791,0.872,0.337,55,,,,,55,1,,,,,,,0,,,,,,,0,,,,,,,0,1,0.64,,,,0.64,0.36,,,,0.36
1023444,Matemàtiques II,4,102344,1,ADE anglés,M,Bellaterra,mati,1,77,1,0,23,31,18,4,0.714,0.753,0.312,46,,,,,46,1,42,,,,,42,1,40,,,,,40,1,40,,,,,40,1,4,0.597,0.545,0.519,0.519,0.545,0.403,0.455,0.481,0.481,0.455
10209650,Matemàtiques II,50,102096,1,CIF,F,Sabadell,tarda,1,68,1,0,14,25,22,6,0.588,0.645,0.221,,,,45,,45,1,,45,,,,45,1,,,,50,,50,1,,,,40,,40,1,4,0.662,0.662,0.735,0.588,0.662,0.338,0.338,0.265,0.412,0.338
10234451,Matemàtiques II,51,102344,1,ECO,M,Bellaterra,tarda,1,78,0,0,16,27,32,3,0.551,0.573,0.205,,,58,,,58,1,,,35,,50,42.5,2,,,26,,23,24.5,2,,,,,16,16,1,6,0.744,0.545,0.314,0.205,0.452,0.256,0.455,0.686,0.795,0.548
10234452,Matemàtiques II,52,102344,1,ADE,M,Bellaterra,tarda,1,72,3,5,29,25,1,9,0.861,0.984,0.514,49,,,,,49,1,,,58,,,58,1,,,,,,,0,,,,,,,0,2,0.681,0.806,,,0.743,0.319,0.194,,,0.257
10234460,Matemàtiques II,60,102344,1,ADE+Dret,M,Bellaterra,mati,1,85,2,1,25,37,16,4,0.765,0.802,0.329,,,,,71,71,1,,,,,75,75,1,,,,,75,75,1,,,,,22,22,1,4,0.835,0.882,0.882,0.259,0.715,0.165,0.118,0.118,0.741,0.285
1023448,Matemàtiques II,8,102344,1,ECO anglés,M,Bellaterra,mati,1,56,0,0,12,23,17,4,0.625,0.673,0.214,,,38,,,38,1,,,32,,,32,1,,,32,,,32,1,,,23,,,23,1,4,0.679,0.571,0.571,0.411,0.558,0.321,0.429,0.429,0.589,0.442
10233760,Microeconomia I,60,102337,2,ADE+Dret,F,Bellaterra,mati,1,79,0,1,18,44,14,2,0.797,0.818,0.241,,,,,60,60,1,,,,,,,0,,,,,35,35,1,,,,,27,27,1,3,0.759,,0.443,0.342,0.515,0.241,,0.557,0.658,0.485
1023361,Microeconomia II,1,102336,2,ECO,M,Bellaterra,mati,1,71,0,0,9,55,4,3,0.901,0.941,0.127,44,,,,,44,1,35,,,,,35,1,,,,,,,0,35,,,,,35,1,3,0.62,0.493,,0.493,0.535,0.38,0.507,,0.507,0.465
1023362,Microeconomia II,2,102336,2,ADE,M,Bellaterra,mati,1,81,1,0,19,54,5,2,0.914,0.937,0.247,,44,,,,44,1,,35,,,,35,1,,,,,,,0,,35,,,,35,1,3,0.543,0.432,,0.432,0.469,0.457,0.568,,0.568,0.531
10233651,Microeconomia II,51,102336,2,ECO,M,Bellaterra,tarda,1,39,1,0,0,25,9,4,0.667,0.743,0.026,26,,,,,26,1,24,,,,,24,1,,,,,,,0,,,,,,,0,2,0.667,0.615,,,0.641,0.333,0.385,,,0.359
10233652,Microeconomia II,52,102336,2,ADE,M,Bellaterra,tarda,1,81,0,0,0,47,29,5,0.58,0.618,0,,,,38,,38,1,,,,,,,0,,,,,,,0,,,,28,,28,1,2,0.469,,,0.346,0.407,0.531,,,0.654,0.593
1023368,Microeconomia II,8,102336,2,ECO anglés,M,Bellaterra,mati,1,42,1,0,10,22,8,0,0.786,0.786,0.262,39,,,,,39,1,38,,30,,,34,2,23,,29,,,26,2,19,,,,,19,1,6,0.929,0.81,0.619,0.452,0.702,0.071,0.19,0.381,0.548,0.298
10219120,Projectes d'innovació tecnològica,20,102191,3,EIT,F,Sabadell,mati,0,65,3,5,20,28,8,1,0.862,0.875,0.431,,59,,,,59,1,,51,,,,51,1,,46,,,53,49.5,2,,31,,,48,39.5,2,6,0.908,0.785,0.762,0.608,0.765,0.092,0.215,0.238,0.392,0.235
10214720,Sistemes integrats de gestió,20,102147,3,EIT,M,Sabadell,mati,0,64,1,0,13,45,4,1,0.922,0.937,0.219,,,50,,,50,1,,,40,,,40,1,,,,,,,0,,,,,,,0,2,0.781,0.625,,,0.703,0.219,0.375,,,0.297
1024771,Teoria de Jocs,1,102477,3,ECO,M,Bellaterra,mati,1,54,1,0,7,35,8,3,0.796,0.843,0.148,,,,39,,39,1,,,,26,,26,1,,,,27,,27,1,,,,,,,0,3,0.722,0.481,0.5,,0.568,0.278,0.519,0.5,,0.432
1024778,Teoria de Jocs,8,102477,3,ECO anglés,M,Bellaterra,mati,1,38,1,0,4,23,7,3,0.737,0.8,0.132,,,,23,,23,1,,26,,26,,26,2,,19,,19,,19,2,,,,23,,23,1,6,0.605,0.684,0.5,0.605,0.599,0.395,0.316,0.5,0.395,0.401
1046762,Teories de l'Empresa,2,104676,2,ADE,M,Bellaterra,mati,0,86,2,19,40,21,0,4,0.953,1,0.709,,66,,,,66,1,,78,,,74,76,2,,,,,,,0,,25,,,,25,1,4,0.767,0.884,,0.291,0.647,0.233,0.116,,0.709,0.353
1046764,Teories de l'Empresa,4,104676,2,ADE anglés,F,Bellaterra,mati,0,82,0,0,10,62,9,1,0.878,0.889,0.122,,65,,,,65,1,,55,,,,55,1,,31,,37,,34,2,,47,,,,47,1,5,0.793,0.671,0.415,0.573,0.613,0.207,0.329,0.585,0.427,0.387
10467652,Teories de l'Empresa,52,104676,2,ADE,M,Bellaterra,tarda,0,89,1,0,6,47,31,3,0.607,0.628,0.079,,48,,,,48,1,,41,,,,41,1,,,,43,,43,1,,,,,,,0,3,0.539,0.461,0.483,,0.494,0.461,0.539,0.517,,0.506
10467660,Teories de l'Empresa,60,104676,3,ADE+Dret,M,Bellaterra,mati,0,67,3,7,24,27,5,1,0.91,0.924,0.507,,44,,,,44,1,,48,,,,48,1,,50,,,,50,1,,48,,,,48,1,4,0.657,0.716,0.746,0.716,0.709,0.343,0.284,0.254,0.284,0.291
10213110,Tributació I,10,102131,3,CIF,M,Sabadell,mati,0,70,0,0,11,57,0,0,0.971,0.971,0.157,,45,,,,45,1,,,,,,,0,,,,,,,0,,,,,,,0,1,0.643,,,,0.643,0.357,,,,0.357
10213150,Tributació I,50,102131,3,CIF,M,Sabadell,tarda,0,57,0,0,5,32,15,3,0.649,0.685,0.088,,26,,,,26,1,,11,,,,11,1,,8,,12,,10,2,,,,,,,0,4,0.456,0.193,0.175,,0.275,0.544,0.807,0.825,,0.725
